{"BTC":0.0400137391,"ETH":0.0147278484,"LTC":-0.0138348465,"XRP":0.0091704877,"ADA":0.0027497709}
{"BTC":-0.0522058579,"ETH":-0.0836037443,"LTC":-0.0992547128,"XRP":-0.0619578686,"ADA":-0.0957952468}
{"BTC":-0.0195106438,"ETH":-0.0159417589,"LTC":-0.0127518738,"XRP":0.0449141347,"ADA":-0.0428629195}
{"BTC":-0.0263325838,"ETH":-0.0323128536,"LTC":0.0081837902,"XRP":-0.0421407501,"ADA":-0.0446768061}
{"BTC":0.0233626572,"ETH":0.0147124152,"LTC":0.0168215159,"XRP":0.02991641,"ADA":0.0285240464}
{"BTC":-0.001481782,"ETH":0.0047605781,"LTC":0.0038472636,"XRP":0.1003844511,"ADA":0.0693324734}
{"BTC":-0.0006797085,"ETH":-0.0047928677,"LTC":-0.0195458465,"XRP":-0.0283385093,"ADA":-0.0277442702}
{"BTC":0.0001268707,"ETH":-0.0397308212,"LTC":-0.0386983289,"XRP":0.0079904115,"ADA":-0.0238833747}
{"BTC":0.0212575089,"ETH":0.0280220376,"LTC":0.0412727458,"XRP":0.0574712644,"ADA":0.055820358}
{"BTC":0.0412731709,"ETH":0.0704545102,"LTC":0.1425363663,"XRP":0.178035982,"ADA":0.0794542536}
{"BTC":-0.0052870914,"ETH":-0.0417207491,"LTC":0.062718961,"XRP":0.0318167356,"ADA":0.0120817844}
{"BTC":0.0413255007,"ETH":0.0507177583,"LTC":0.1021146579,"XRP":0.0157261795,"ADA":0.041322314}
{"BTC":0.0030773847,"ETH":-0.0491616479,"LTC":-0.0860874006,"XRP":-0.0085003036,"ADA":-0.0273368607}
{"BTC":-0.030823644,"ETH":-0.0283256971,"LTC":-0.0783906761,"XRP":-0.095223515,"ADA":-0.1007252947}
{"BTC":0.0092496425,"ETH":0.0216704767,"LTC":0.0258120398,"XRP":0.0497461929,"ADA":0.0162314749}
{"BTC":0.0392258387,"ETH":0.0144006828,"LTC":0.0058262265,"XRP":0.0235332044,"ADA":-0.001984127}
{"BTC":-0.0234234441,"ETH":-0.0258832085,"LTC":-0.0320685024,"XRP":0.0009448819,"ADA":-0.0237574553}
{"BTC":0.0025542814,"ETH":0.02998294,"LTC":0.0099739809,"XRP":-0.018250472,"ADA":0.0044801955}
{"BTC":0.0088604409,"ETH":-0.0086740348,"LTC":0.019407471,"XRP":-0.0060897436,"ADA":-0.0152052712}
{"BTC":-0.0011599853,"ETH":0.0026316267,"LTC":0.0434672732,"XRP":0.0019348597,"ADA":0.0050437468}
{"BTC":-0.0205877509,"ETH":-0.0261146017,"LTC":-0.0548962622,"XRP":-0.0273575797,"ADA":-0.024170422}
{"BTC":-0.0049836742,"ETH":-0.0155146219,"LTC":-0.0175108909,"XRP":0.0109199206,"ADA":-0.0194164568}
{"BTC":-0.0076543819,"ETH":-0.0332594723,"LTC":-0.044166232,"XRP":0.0003273322,"ADA":-0.0191587285}
{"BTC":0.0242732178,"ETH":0.0124421701,"LTC":0.054211388,"XRP":0.0039267016,"ADA":0.0256438237}
{"BTC":0.0096065304,"ETH":0.0428053049,"LTC":0.1229508197,"XRP":0.0195567145,"ADA":0.0209596766}
{"BTC":-0.0222186302,"ETH":0.016209891,"LTC":-0.0163657318,"XRP":-0.0297314578,"ADA":-0.0180283451}
{"BTC":-0.0175031522,"ETH":-0.0555841747,"LTC":-0.0779565693,"XRP":-0.0517298188,"ADA":-0.0506208214}
{"BTC":-0.0293660686,"ETH":-0.0793971655,"LTC":-0.0753981701,"XRP":-0.1035441279,"ADA":-0.1009389671}
{"BTC":0.0387673954,"ETH":0.0048515942,"LTC":-0.019791094,"XRP":0.0480620155,"ADA":0.0106925277}
{"BTC":-0.0226051362,"ETH":-0.0274463421,"LTC":-0.0331837727,"XRP":-0.0314349112,"ADA":-0.0696272604}
